Case Study,Account URL,Account Name
Exploiting moderation absence in thematic groups,https://www.facebook[.]com/groups/839387703161112,Nigeria Breaking News Headlines
Exploiting moderation absence in thematic groups,https://www.facebook[.]com/groups/1882777175367903,AMASASE na AMACHUMA a NYAMIRA!
Exploiting moderation absence in thematic groups,https://www.facebook[.]com/groups/604107960149396,SONS AND DAUGHTERS OF SNR PROPHET JEREMIAH OMOTO FUFEYIN.
Exploiting moderation absence in thematic groups,https://www.facebook[.]com/groups/1676325422853480,💙💜 sensible🥰🥺
Exploiting moderation absence in thematic groups,https://www.facebook[.]com/groups/1256595954511320,"KOLO , THABANA MORENA, THABANA MAHLANYA, SEMONKONG,BOCHABELA"
Exploiting moderation absence in thematic groups,https://www.facebook[.]com/groups/2271070633143371,"LEROY MNISI's Lil Tjay, Lil Baby, Lil Durk, Polo G (Lil Capalot) & GloRilla"
Exploiting moderation absence in thematic groups,https://www.facebook[.]com/groups/1940595972954771,RARIYA
Exploiting moderation absence in thematic groups,https://www.facebook[.]com/groups/657348626434837,Gidan masoya annabi s a w
Exploiting moderation absence in thematic groups,https://www.facebook[.]com/groups/1061229028399591,KILEL JAZZ killer boy maganica ��
Exploiting moderation absence in thematic groups,https://www.facebook[.]com/groups/809626363580920,New memes kenya
Exploiting moderation absence in thematic groups,https://www.facebook[.]com/groups/611032677807876,Papa T Wuod Nyarong'o Fans Group
Exploiting moderation absence in thematic groups,https://www.facebook[.]com/groups/884251743030248,Purple speedy��fanbase�
Exploiting moderation absence in thematic groups,https://www.facebook[.]com/groups/1688373078052180,JWANENG COMMUNITY
Exploiting moderation absence in thematic groups,https://www.facebook[.]com/groups/732496263795592,Kwa Thema online 1575...
Exploiting moderation absence in thematic groups,https://www.facebook[.]com/groups/531393310715777,Msinga Comedians 0
Exploiting moderation absence in thematic groups,https://www.facebook[.]com/groups/2784343128254983,MASOYA HADIZA GABON
Exploiting moderation absence in thematic groups,https://www.facebook[.]com/groups/4280165628724955,Actualités Sportives 224
Exploiting moderation absence in thematic groups,https://www.facebook[.]com/groups/603138577079127,Selena Gomez
Exploiting moderation absence in thematic groups,https://www.facebook[.]com/groups/853783876170912,Évangéliste Nj_joseph
Exploiting moderation absence in thematic groups,https://www.facebook[.]com/groups/160572256023769,🥺🥰❤️>👩‍❤️‍👨MY BABE👩‍❤️‍👨<🥺🥰❤️
Exploiting moderation absence in thematic groups,https://www.facebook[.]com/groups/210132106993573,"Scandal, Generations​, Diep City, Skeem Sam, Muvhango"
Exploiting moderation absence in thematic groups,https://www.facebook[.]com/groups/602556026451114,NG'OMBE COMPOUND NEWS
Exploiting moderation absence in thematic groups,https://www.facebook[.]com/groups/2810982475685917,MANSA OUR HOME TOWN
Exploiting moderation absence in thematic groups,https://www.facebook[.]com/groups/1128396864714282,INFOS 📺RIRE 🤣ET DÉTENTE  🤳
Exploiting moderation absence in thematic groups,https://www.facebook[.]com/groups/2890792931027355,Portable Fans Group
Exploiting moderation absence in thematic groups,https://www.facebook[.]com/groups/490068034892510,tu veux rire non vient on va rire 😂😂😂
Exploiting moderation absence in thematic groups,https://www.facebook[.]com/groups/326966188134262,AYV Housemates Salone Fanzone season 2
Exploiting moderation absence in thematic groups,https://www.facebook[.]com/groups/453120529295931,Amapiano 2023
Exploiting moderation absence in thematic groups,https://www.facebook[.]com/groups/351019682632777,Un pays de pagaille 🇧🇯
Exploiting moderation absence in thematic groups,https://www.facebook[.]com/groups/331215304901012,SONS AND DAUGHTERS OF SNR PROPHET JEREMIAH OMOTO FUFEYIN.
Exploiting moderation absence in thematic groups,https://www.facebook[.]com/groups/397060835628032,SA youth application 2024/2024
Exploiting moderation absence in thematic groups,https://www.facebook[.]com/groups/269009223932808,Willy paul official����
Exploiting moderation absence in thematic groups,https://www.facebook[.]com/groups/5941936619153446,Gogrial Zoom Photography funs
Exploiting moderation absence in thematic groups,https://www.facebook[.]com/groups/1411334109478227,Phil Foden and Jeremy doku
Exploiting moderation absence in thematic groups,https://www.facebook[.]com/groups/855454411153953,MWEBANTU top stories
Exploiting moderation absence in thematic groups,https://www.facebook[.]com/groups/984570115707279,Maboke tv
Exploiting moderation absence in thematic groups,https://www.facebook[.]com/groups/848913162327608,�LEARN HOW TO RAP. TRAP. FREESTYLE �
Exploiting moderation absence in thematic groups,https://www.facebook[.]com/groups/1859625494334967,BUSINESS AU CENTRE BENIN
Exploiting moderation absence in thematic groups,https://www.facebook[.]com/groups/3439200919516040,Active Likers 2023.❤
Exploiting moderation absence in thematic groups,https://www.facebook[.]com/groups/1899181553535265,SCOUT DU MONDE
Exploiting moderation absence in thematic groups,https://www.facebook[.]com/groups/547283042113141,"Jobs, Bursaries, Vacancies and Learnerships"
Exploiting moderation absence in thematic groups,https://www.facebook[.]com/groups/9345254835546304,purple speedy
Exploiting moderation absence in thematic groups,https://www.facebook[.]com/groups/209557786617480,Pheli Quick News (No approvals)
Exploiting moderation absence in thematic groups,https://www.facebook[.]com/groups/397512127598375,😹💔😹𝗣𝗨𝗧𝗝𝗘𝗞😹💔😹
Exploiting moderation absence in thematic groups,https://www.facebook[.]com/groups/345454633324675,2023 ELECTIONS SOUTH AFRICA
Exploiting moderation absence in thematic groups,https://www.facebook[.]com/groups/2891944714265479,"Citations, Proverbes, Beaux Textes..."
Exploiting moderation absence in thematic groups,https://www.facebook[.]com/groups/174191025183,SA Hip Hop and Promos (SAHHP)
Exploiting moderation absence in thematic groups,https://www.facebook[.]com/groups/3544444285580160,I've stayed in kasama
Exploiting moderation absence in thematic groups,https://www.facebook[.]com/groups/600433278864083,University 😜Of🤸 Laughter 😂 And Cruise 🤏
Exploiting moderation absence in thematic groups,https://www.facebook[.]com/groups/415018425738936,Omah  Lay Fans
Exploiting moderation absence in thematic groups,https://www.facebook[.]com/groups/654763275904715,Second hand Probox for sale
Exploiting moderation absence in thematic groups,https://www.facebook[.]com/groups/2102938743146931,💥❣️2k dp Reactors❣️💥
Exploiting moderation absence in thematic groups,https://www.facebook[.]com/groups/983215568804841,Jeunes Agriculteurs
Exploiting moderation absence in thematic groups,https://www.facebook[.]com/groups/851300993017485,"LA PSYCHOLOGIE, PÉDAGOGIE ET DIDACTIQUES MODERNE"
Exploiting moderation absence in thematic groups,https://www.facebook[.]com/groups/747359046481565,patama Kay fake friend
Exploiting moderation absence in thematic groups,https://www.facebook[.]com/groups/192586357145821,ABBA COMRADE 4+4 2027 INSHA ALLAH
Exploiting moderation absence in thematic groups,https://www.facebook[.]com/groups/329124710920059,Mwizukanji
Exploiting moderation absence in thematic groups,https://www.facebook[.]com/groups/673172684364467,low income / rent to own homes 🏡
Exploiting moderation absence in thematic groups,https://www.facebook[.]com/groups/448734923356392,Musha dariya
Exploiting moderation absence in thematic groups,https://www.facebook[.]com/groups/978808566019336,NEWLIFE PRAYER CENTER AND CHURCH.{EV.EZEKIEL} Shanzu_Majaoni_Mombasa.
Exploiting moderation absence in thematic groups,https://www.facebook[.]com/groups/385649897006600,Oga Sabinus Comedy
Exploiting moderation absence in thematic groups,https://www.facebook[.]com/groups/1631665246969404,ZAUREN TINAWADA FADAR BEGE by Mubarak na FADAR BEGE
Exploiting moderation absence in thematic groups,https://www.facebook[.]com/groups/1319027341781522,Cours De Comptabilité Générale
Exploiting moderation absence in thematic groups,https://www.facebook[.]com/groups/194560204286667,Boutique achat et vente fan de Omer Tshiaba président de l'unité congolaise
Exploiting moderation absence in thematic groups,https://www.facebook[.]com/groups/518510530178969,BEBAS SHARE SLOT GACOR
Exploiting moderation absence in thematic groups,https://www.facebook[.]com/groups/1229304913898934,Umgosi wase jozini
Exploiting moderation absence in thematic groups,https://www.facebook[.]com/groups/305734189587932,MOBILE PHONE ENGINEER
Exploiting moderation absence in thematic groups,https://www.facebook[.]com/groups/475381914724130,ORION STARS USA
Exploiting moderation absence in thematic groups,https://www.facebook[.]com/groups/379361732484468,Global Hotties 🔥🔥🔥
Exploiting moderation absence in thematic groups,https://www.facebook[.]com/groups/551283197180859,Paster Ezekiel NEW LIFE CHURCH
Exploiting moderation absence in thematic groups,https://www.facebook[.]com/groups/170394335028270,facebook LIVE
Exploiting moderation absence in thematic groups,https://www.facebook[.]com/groups/304945620420632,"Inanda ,ohlange,Congo,ematikwe and Mzinyathi"
Exploiting moderation absence in thematic groups,https://www.facebook[.]com/groups/4081067445254269,Ferre Gola le padre officiel
Exploiting moderation absence in thematic groups,https://www.facebook[.]com/groups/552610252088877,Sons and Daughters of Apostle and Dr. Lizzy Johnson Suleiman.
Exploiting moderation absence in thematic groups,https://www.facebook[.]com/groups/2102264389930357,Bethal Ebumnandini
Exploiting moderation absence in thematic groups,https://www.facebook[.]com/groups/791644481501266,Active Reactors 2023.❤
Exploiting moderation absence in thematic groups,https://www.facebook[.]com/groups/824883759377089,Dream league soccer 2018
Exploiting moderation absence in thematic groups,https://www.facebook[.]com/groups/562848715756488,Freedom Radio
Exploiting moderation absence in thematic groups,https://www.facebook[.]com/groups/143294356349226,FANS de PAKGNE #fdp
Exploiting moderation absence in thematic groups,https://www.facebook[.]com/groups/859689474609058,FORMATION EN SAVONNERIE🧽🧽🧽🧽
Exploiting moderation absence in thematic groups,https://www.facebook[.]com/groups/361252969561795,GIDAN SARAUTA
Exploiting moderation absence in thematic groups,https://www.facebook[.]com/groups/329209949491001,PRÉDICATIONS DU PASTEUR MARCELLO TUNASI󱢏
Exploiting moderation absence in thematic groups,https://www.facebook[.]com/groups/799096141180405,Mr price fashion
Exploiting moderation absence in thematic groups,https://www.facebook[.]com/groups/591358024566305,AUCHI POLY MARKET & NEWS UPDATE.
Exploiting moderation absence in thematic groups,https://www.facebook[.]com/groups/1511676792422291,MURYAR JAMA'AR KARAMAR HUKUMAR GIWA0
Exploiting moderation absence in thematic groups,https://www.facebook[.]com/groups/622070556391793,Piadas de JCN  só para rir até esquecer do teu namorado
Exploiting moderation absence in thematic groups,https://www.facebook[.]com/groups/5954202264660720,Vente en ligne et gros et en détail
Exploiting moderation absence in thematic groups,https://www.facebook[.]com/groups/264574054262422,Di Gafe tsa Mapulaneng
Exploiting moderation absence in thematic groups,https://www.facebook[.]com/groups/1742732232839454,Mahewu Dlamini Maxwell
Exploiting moderation absence in thematic groups,https://www.facebook[.]com/groups/2955887537985613,Socko d'Aïcha KAMOISE
Exploiting moderation absence in thematic groups,https://www.facebook[.]com/groups/737162647485611,Venda de roupas online
Exploiting moderation absence in thematic groups,https://www.facebook[.]com/groups/743566663308994,Cross DJ
Exploiting moderation absence in thematic groups,https://www.facebook[.]com/groups/1246391628757729,Baby Items Marketplace
Exploiting moderation absence in thematic groups,https://www.facebook[.]com/groups/354260904613283,BAMBANCIN AQIDUN SHI'A DA NA SUNNAH
Exploiting moderation absence in thematic groups,https://www.facebook[.]com/groups/108164388038,DADAAB REFUGEE CAMPS
Exploiting moderation absence in thematic groups,https://www.facebook[.]com/groups/376274946059890,CHELSEA FOOTBALL CLUB FANS WORLDWIDE
Exploiting moderation absence in thematic groups,https://www.facebook[.]com/groups/23940807982231195,Latest ladies wears
Exploiting moderation absence in thematic groups,https://www.facebook[.]com/groups/490427343220731,BETWAY GET CODE
Exploiting moderation absence in thematic groups,https://www.facebook[.]com/groups/6428756713878271,Calças da moda
Exploiting moderation absence in thematic groups,https://www.facebook[.]com/groups/172348214785847,sportybet house
Exploiting moderation absence in thematic groups,https://www.facebook[.]com/groups/701819497055007,LOGEMENT RAPIDE Douala
Exploiting moderation absence in thematic groups,https://www.facebook[.]com/groups/565096260837565,SHANGO ḼO IMA NGA MILENZHE (VENḒA ḼASHU )
Exploiting moderation absence in thematic groups,https://www.facebook[.]com/groups/253121864859487,Sauvons la danse tchinkéé de RISS COOL le fils du roi
Exploiting moderation absence in thematic groups,https://www.facebook[.]com/groups/4466127203420786,Tope alabi musical group
Exploiting moderation absence in thematic groups,https://www.facebook[.]com/groups/185065986156462,HLEKA UZE UKHIPHE ISIPHISHI🚶💭
Exploiting moderation absence in thematic groups,https://www.facebook[.]com/groups/437570056441410,Mount fletcher /kwazulu/ maclear grouP
Exploiting moderation absence in thematic groups,https://www.facebook[.]com/groups/1757629040979484,ACHAT ET VENTE FANS DE OMER TSHIABA PRÉSIDENT DE L'UNITÉ CONGOLAISE
Exploiting moderation absence in thematic groups,https://www.facebook[.]com/groups/1982566395276340,Betway tips and codes
Exploiting moderation absence in thematic groups,https://www.facebook[.]com/groups/3641840229396417,Amis de Faveur Mukoko
Exploiting moderation absence in thematic groups,https://www.facebook[.]com/groups/931548013915683,BAPEDI BA GAE LIMPOPO
Exploiting moderation absence in thematic groups,https://www.facebook[.]com/groups/219590604782220,LUANSHYA AMASAMPO
Exploiting moderation absence in thematic groups,https://www.facebook[.]com/groups/321129885839228,TUT STUDENTS 2023
Exploiting moderation absence in thematic groups,https://www.facebook[.]com/groups/417246392950438,Nigeria Comedy House
Exploiting moderation absence in thematic groups,https://www.facebook[.]com/groups/530354151139178,SCOTT ADKINS OFICIAL FANS
Exploiting moderation absence in thematic groups,https://www.facebook[.]com/groups/442314496162558,Active Likers 2023.❤
Exploiting moderation absence in thematic groups,https://www.facebook[.]com/groups/683055602555573,Hatik
Exploiting moderation absence in thematic groups,https://www.facebook[.]com/groups/1008340453528683,"DJ JOMBA,DJ JERRYJOE AND MC MIDO MIXES."
Exploiting moderation absence in thematic groups,https://www.facebook[.]com/groups/3042940092637641,Deals  Lubumbashi �
Exploiting moderation absence in thematic groups,https://www.facebook[.]com/groups/998775060927691,Matorola Konnixion Ft Popula B Ov Bullionstars Fans
Exploiting moderation absence in thematic groups,https://www.facebook[.]com/groups/2081163782033300,Nhóm Tài Xỉu
Exploiting moderation absence in thematic groups,https://www.facebook[.]com/groups/598445684201426,Humor Train
Exploiting moderation absence in thematic groups,https://www.facebook[.]com/groups/160748603383437,ALL FREE STUFFS AND GIVEAWAYS
Exploiting moderation absence in thematic groups,https://www.facebook[.]com/groups/6635324333162859,Avive Network Mining App
Exploiting moderation absence in thematic groups,https://www.facebook[.]com/groups/1250523192014556,🤫🤣GULMA AJALI😒😒🙄
Exploiting moderation absence in thematic groups,https://www.facebook[.]com/groups/881853956440086,Diabetic Recipes
Exploiting moderation absence in thematic groups,https://www.facebook[.]com/groups/341867086418168,CHAMPIONS LEAGUE 🌟
Exploiting moderation absence in thematic groups,https://www.facebook[.]com/groups/4786478098067705,Qui a besoin du travail ?
Exploiting moderation absence in thematic groups,https://www.facebook[.]com/groups/608285576826016,Isolezwe lanamhlanje
Exploiting moderation absence in thematic groups,https://www.facebook[.]com/groups/1426827284380483,Mismatched
Exploiting moderation absence in thematic groups,https://www.facebook[.]com/groups/190941034864250,Good Morning Good Night
Exploiting moderation absence in thematic groups,https://www.facebook[.]com/groups/973469726681791,Gally garvey
Exploiting moderation absence in thematic groups,https://www.facebook[.]com/groups/396316531108140,Spiritual Awakenings and Live Readings
Exploiting moderation absence in thematic groups,https://www.facebook[.]com/groups/1693260487743354,Comment bien faire l'amour avec son partenaire ?
Exploiting moderation absence in thematic groups,https://www.facebook[.]com/groups/179959787567528,TT Comedian 😂
Exploiting moderation absence in thematic groups,https://www.facebook[.]com/groups/299652005787025,Rire à mourir  😂😂😂
Exploiting moderation absence in thematic groups,https://www.facebook[.]com/groups/448952122968845,Gudele vs munuki ���
Exploiting moderation absence in thematic groups,https://www.facebook[.]com/groups/505796576770449,UZALO ON SABC 0
Exploiting moderation absence in thematic groups,https://www.facebook[.]com/groups/342488996091177,JESUS DAILY
Exploiting moderation absence in thematic groups,https://www.facebook[.]com/groups/5258743197571860,official keanu Reeves fan page
Exploiting moderation absence in thematic groups,https://www.facebook[.]com/groups/1193310894106167,COTONOU/PORTO NEW BUSINESS (VÉHICULES À PRIX ABORDABLES)
Exploiting moderation absence in thematic groups,https://www.facebook[.]com/groups/113537361748706,Fally Ipupa Official
Exploiting moderation absence in thematic groups,https://www.facebook[.]com/groups/373369756742249,Graphic Design
Exploiting moderation absence in thematic groups,https://www.facebook[.]com/groups/650316659315091,Lotto 5 / 90    DIZI  🇧🇯
Exploiting moderation absence in thematic groups,https://www.facebook[.]com/groups/460426476014941,NONDROAS TV (Jojo le comédien)
Exploiting moderation absence in thematic groups,https://www.facebook[.]com/groups/749723718385363,Train matinal de R.T.Z
Exploiting moderation absence in thematic groups,https://www.facebook[.]com/groups/667676920316909,STRONG BASS FAMILY������
Exploiting moderation absence in thematic groups,https://www.facebook[.]com/groups/670503123859428,GTA 5 Mobile
Exploiting moderation absence in thematic groups,https://www.facebook[.]com/groups/577091315740501,Meet Singles & Couples In Buea
Exploiting moderation absence in thematic groups,https://www.facebook[.]com/groups/346275256409181,TAKALAFIYA
Exploiting moderation absence in thematic groups,https://www.facebook[.]com/groups/1644399765777431,Rire à mourir
Exploiting moderation absence in thematic groups,https://www.facebook[.]com/groups/798704497586000,Prières inspirées
Exploiting moderation absence in thematic groups,https://www.facebook[.]com/groups/171221793634852,USED SOUND SYSTEM FOR SALE BWP
Exploiting moderation absence in thematic groups,https://www.facebook[.]com/groups/1681705342148856,Funny videos Lovers
Exploiting moderation absence in thematic groups,https://www.facebook[.]com/groups/838283456285548,GARAGE SALE
Exploiting moderation absence in thematic groups,https://www.facebook[.]com/groups/135190969859798,OHB (Olieven) Kasi lami
Exploiting moderation absence in thematic groups,https://www.facebook[.]com/groups/3995207130594825,#RAMAPHOSA MUST FALL
Exploiting moderation absence in thematic groups,https://www.facebook[.]com/groups/241656334026977,Builders & Co-Creators Original
Exploiting moderation absence in thematic groups,https://www.facebook[.]com/groups/1450116302229661,SADIQ SALEH ON TOP
Exploiting moderation absence in thematic groups,https://www.facebook[.]com/groups/464529334892826,Mthatha People Followers
Exploiting moderation absence in thematic groups,https://www.facebook[.]com/groups/182135592845642,Ronaldo Cr7 Vs Messi Lm29
Exploiting moderation absence in thematic groups,https://www.facebook[.]com/groups/2265205693717314,JESUS DAILY
Exploiting moderation absence in thematic groups,https://www.facebook[.]com/groups/1819369684982549,Caregiver / Personal Care Worker / Home Health Aid Jobs [USA Only]
Exploiting moderation absence in thematic groups,https://www.facebook[.]com/groups/1622783137904916,Entre nous jeunes de 13 à 27 ans
Exploiting moderation absence in thematic groups,https://www.facebook[.]com/groups/1514513428848159,Gistloversblogofficial
Exploiting moderation absence in thematic groups,https://www.facebook[.]com/groups/938887673887607,Flash score
Exploiting moderation absence in thematic groups,https://www.facebook[.]com/groups/1052773388828926,Young Sheikh Zaria
Exploiting moderation absence in thematic groups,https://www.facebook[.]com/groups/7179750542035960,Les amis de Jules bukasa
Exploiting moderation absence in thematic groups,https://www.facebook[.]com/groups/1044551248931350,William Samoei Ruto Supporters(2022-2032)
Exploiting moderation absence in thematic groups,https://www.facebook[.]com/groups/313203226245228,#BAD_COMPANY
Exploiting moderation absence in thematic groups,https://www.facebook[.]com/groups/295516937736540,PLATEAU STATE ONLINE MARKET PLACE
Exploiting moderation absence in thematic groups,https://www.facebook[.]com/groups/1306311286233421,LILONGWE CARS
Exploiting moderation absence in thematic groups,https://www.facebook[.]com/groups/943264126474010,Hansi Mazak Latify
Exploiting moderation absence in thematic groups,https://www.facebook[.]com/groups/192818661053805,"Sound Systems, Speakers, Amplifier Market Place"
Exploiting moderation absence in thematic groups,https://www.facebook[.]com/groups/1516408405160399,Les amoureux
Exploiting moderation absence in thematic groups,https://www.facebook[.]com/groups/652540136278364,Wattpad kilig love story
Exploiting moderation absence in thematic groups,https://www.facebook[.]com/groups/1143903603154673,💯 Aviator Predictor 6.0 🇿🇦
Exploiting moderation absence in thematic groups,https://www.facebook[.]com/groups/1224143878161340,MERCY CHINWO
Exploiting moderation absence in thematic groups,https://www.facebook[.]com/groups/2234454073231798,Kate Middleton fan club
Exploiting moderation absence in thematic groups,https://www.facebook[.]com/groups/528146754841026,Betway & 1XBET Football Tips and Score Updates
Exploiting moderation absence in thematic groups,https://www.facebook[.]com/groups/1888490651389497,GLOBAL FOOTBALL ARENA
Exploiting moderation absence in thematic groups,https://www.facebook[.]com/groups/351661236079346,Kimpese na Beto TV
Exploiting moderation absence in thematic groups,https://www.facebook[.]com/groups/1716138335253182,NG'OMBE COMPOUND NEWS
Exploiting moderation absence in thematic groups,https://www.facebook[.]com/groups/798207395429882,BECKY CITIZEN TV WRITTEN UPDATE �
Exploiting moderation absence in thematic groups,https://www.facebook[.]com/groups/503772797721334,SECOND HAND MOTORBIKES BELOW 20K
Exploiting moderation absence in thematic groups,https://www.facebook[.]com/groups/158279073890125,Mchongoano zone group
Exploiting moderation absence in thematic groups,https://www.facebook[.]com/groups/553091691459103,Music Artist Looking for Record Label
Exploiting moderation absence in thematic groups,https://www.facebook[.]com/groups/711691567646092,🎭TIKTOK🎭
Exploiting moderation absence in thematic groups,https://www.facebook[.]com/groups/769988546482784,John Travolta Fans
Exploiting moderation absence in thematic groups,https://www.facebook[.]com/groups/767389123375558,George Jones and Tammy Wynette
Exploiting moderation absence in thematic groups,https://www.facebook[.]com/groups/818349224895987,CSI - Horatio Caine - David Caruso - what's wrong with his neck !?
Exploiting moderation absence in thematic groups,https://www.facebook[.]com/groups/1629604623934583,Celine Dion Fan Group
Exploiting moderation absence in thematic groups,https://www.facebook[.]com/groups/516290235802461,REMEMBER ME  /CLIFF RICHARD
Exploiting moderation absence in thematic groups,https://www.facebook[.]com/groups/76926698861,bee gees : SATURDAY NIGHT FEVER songs
Exploiting moderation absence in thematic groups,https://www.facebook[.]com/groups/287573191350774,NCIS and NCIS Los Angeles Fan Club
Exploiting moderation absence in thematic groups,https://www.facebook[.]com/groups/238848316469443,Merle Haggard Fans
Exploiting moderation absence in thematic groups,https://www.facebook[.]com/groups/1091556854197014,Kelly Clarkson fans Group
Exploiting moderation absence in thematic groups,https://www.facebook[.]com/groups/827425961060258,Snoop Dogg 💙♿️
Exploiting moderation absence in thematic groups,https://www.facebook[.]com/groups/425129007544178,JASON STATHAM
Exploiting moderation absence in thematic groups,https://www.facebook[.]com/groups/619962421489902,The Golden Girls Fan Club
Exploiting moderation absence in thematic groups,https://www.facebook[.]com/groups/8185249455,paul mccartney
Exploiting moderation absence in thematic groups,https://www.facebook[.]com/groups/1497910753760195,Zodiac : Gemini
Exploiting moderation absence in thematic groups,https://www.facebook[.]com/groups/207326499421444,For the love of Reba McEntire
Exploiting moderation absence in thematic groups,https://www.facebook[.]com/groups/468693313687949,Prince Harry & Meghan Markle Fans
Exploiting moderation absence in thematic groups,https://www.facebook[.]com/groups/1767920116793129,FANS OF TARAJI P HENSON AKA COOKIE
Exploiting moderation absence in thematic groups,https://www.facebook[.]com/groups/761081617578676,John Wick
Exploiting moderation absence in thematic groups,https://www.facebook[.]com/groups/351900124955066,Mickey Mouse
Exploiting moderation absence in thematic groups,https://www.facebook[.]com/groups/621253099144291,Colin firth
Exploiting moderation absence in thematic groups,https://www.facebook[.]com/groups/380573872607321,Cardinal Lovers
Exploiting moderation absence in thematic groups,https://www.facebook[.]com/groups/156635947867921,Pink- Alecia Beth Moore.
Exploiting moderation absence in thematic groups,https://www.facebook[.]com/groups/453494491359400,bee gees : SATURDAY NIGHT FEVER songs
Exploiting moderation absence in thematic groups,https://www.facebook[.]com/groups/374849239216241,NFL Jersey Black Friday Online Sale
Exploiting moderation absence in thematic groups,https://www.facebook[.]com/groups/3050362251760195,sir barry gibb
Exploiting moderation absence in thematic groups,https://www.facebook[.]com/groups/316725239588942,stitch
Exploiting moderation absence in thematic groups,https://www.facebook[.]com/groups/466662603502263,tom jones the voice
Exploiting moderation absence in thematic groups,https://www.facebook[.]com/groups/138131976849235,Brad Pitt Fans- Portrait of a Star.
Exploiting moderation absence in thematic groups,https://www.facebook[.]com/groups/1213795518802244,my Facebook friends birthdays
Exploiting moderation absence in thematic groups,https://www.facebook[.]com/groups/380717483776835,Ghost Adventures Crew
Exploiting moderation absence in thematic groups,https://www.facebook[.]com/groups/18796389560,Dana Perino Fan Club
Exploiting moderation absence in thematic groups,https://www.facebook[.]com/groups/1363582527053140,Friends Who Like The Pioneer Woman - Ree Drummond
Exploiting moderation absence in thematic groups,https://www.facebook[.]com/1641438716157254,Air Fryer Recipes and ideas
Exploiting moderation absence in thematic groups,https://www.facebook[.]com/groups/279174479502425,Angelina jolie
Exploiting moderation absence in thematic groups,https://www.facebook[.]com/groups/1950811281887663,Rod Stewart Fans Group
Online Casino Engagement Bait,https://www.facebook[.]com/groups/567331901975813,"Freeplay - Milkyway, Juwa, Orion Stars, Fire Kirin, Game Vault, Ultra Panda"
Online Casino Engagement Bait,https://www.facebook[.]com/groups/502885651293944,"JUWA, OrionStars Firekrin Vblink"
Online Casino Engagement Bait,https://www.facebook[.]com/groups/789540935399649,"Awesome Fish Gaming: JUWA, FIREKIRIN, GAME VAULT, ORION STARS, PANDA MASTER"
Online Casino Engagement Bait,https://www.facebook[.]com/groups/737256571114445,"FreePlay/Orion Stars, Fire Kirin, Juwa, Vpower, Daily Bonus"
Online Casino Engagement Bait,https://www.facebook[.]com/groups/615254506327915,Online Fish Games: FireKirin MilkyWay OrionStars
Online Casino Engagement Bait,https://www.facebook[.]com/groups/2559028304274395,Texas Online Casino Game-777:FireKirin Juwa Milky Panda OrionStar Gamevault
Online Casino Engagement Bait,https://www.facebook[.]com/groups/523376376348296,Orion Star - Texas
Online Casino Engagement Bait,https://www.facebook[.]com/groups/1335234793926228,"LUXURY FISH GAMING,ORIONSTAR,VEGASX, FIRE KIRIN,JUWA 777"
Online Casino Engagement Bait,https://www.facebook[.]com/groups/622391559236506,"Legit Fish Gaming: Juwa, Fire Kirin, Milky Way, Panda Master, Orion Stars,"
Online Casino Engagement Bait,https://www.facebook[.]com/groups/535072378398751,"Free play,Orion,fire Kirin,Juwa,milky way"
Online Casino Engagement Bait,https://www.facebook[.]com/groups/1317142325821196,"Online Platform (Juwa, Orion Star, Fire Kirin, Milky Way, Game Vault )"
Online Casino Engagement Bait,https://www.facebook[.]com/groups/1061238111289518,Orion Stars
Online Casino Engagement Bait,https://www.facebook[.]com/groups/358588583127259,Online casino & Slot Fish game development
Online Casino Engagement Bait,https://www.facebook[.]com/groups/1663367617425710,Orion stars online gaming
Online Casino Engagement Bait,https://www.facebook[.]com/groups/7020479914645422,"Freeplay and 100% bonus (Juwa, Casino Ignite, Milkyway, Orion Stars)"
Online Casino Engagement Bait,https://www.facebook[.]com/groups/1529157410922698,"WE PLAY FREE PLAY (Fire, Dragon, Orion, Juwa, Vegas, Rivers, Cosmo, X game)"
Online Casino Engagement Bait,https://www.facebook[.]com/groups/154297964119073,TEXAS ONLINE CASINO GAMES
Online Casino Engagement Bait,https://www.facebook[.]com/groups/218785610656979,"Game Vault Online Gaming (Fire Kirin, Vblink, Ultra Panda, Vegas Sweeps)"
Online Casino Engagement Bait,https://www.facebook[.]com/groups/1153800608731197,Ac Ad gaming Juwa firekirin Milkyway Orionstar Gamevault Onlinebet7
Online Casino Engagement Bait,https://www.facebook[.]com/groups/423766053032153,SLOTS & FISHING FREEPLAY(JUWA/ORIONSTARS/GAMEVAULT/MILKYWAYS & More)
Online Casino Engagement Bait,https://www.facebook[.]com/groups/822385792685546,"OrionStar, Game Vault, Juwa777"
Online Casino Engagement Bait,https://www.facebook[.]com/groups/960532358368714,Pog 777 Slot And Fish Table Jackpot Free Play Games Casino
Online Casino Engagement Bait,https://www.facebook[.]com/groups/389518922836902,"Orion Stars, Juwa, FK, Panda Master, Gamevault Players Club"
Online Casino Engagement Bait,https://www.facebook[.]com/groups/450054487047017,"ogambling +freeplay ( orion stars juwa,milkyway'fortune2 go"
Online Casino Engagement Bait,https://www.facebook[.]com/groups/3012824482343207,"ORION STAR, MILKYWAY, GAME VAULT, FIREKIRIN, JUWA CITY, VEGAS SWEEPS VBLINK"
Online Casino Engagement Bait,https://www.facebook[.]com/groups/770725087250036,"Luxury Fish Gaming- FireKirin, MilkyWay, OrionStars & Juwa"
Online Casino Engagement Bait,https://www.facebook[.]com/groups/3002050420013562,"24/7 XGAME, ULTRA MONSTER, FIRE KIRIN, MILKYWAY, ORION STAR"
Online Casino Engagement Bait,https://www.facebook[.]com/groups/367572115602389,FREEPLAY (Only legit platform and players)
Online Casino Engagement Bait,https://www.facebook[.]com/groups/548877680633564,Freeplay Group
Online Casino Engagement Bait,https://www.facebook[.]com/groups/5998557636873149,CASINO GAMES SLOT - 777
Online Casino Engagement Bait,https://www.facebook[.]com/groups/953534389036769,Free Play All Games
Online Casino Engagement Bait,https://www.facebook[.]com/groups/196355450001241,$5 FREEPLAYS (KLTD)
Online Casino Engagement Bait,https://www.facebook[.]com/groups/733231974773782,ORION STARS - VPOWER12 - JUWA777 - PANDA MASTER - FREEPLAY
Online Casino Engagement Bait,https://www.facebook[.]com/groups/3259841430970832,"Fire Kirin, Orion Star, Juwa, Game Vault And Milkyway"
Online Casino Engagement Bait,https://www.facebook[.]com/groups/1087042918609267,"Fire Kirin,UltraMonster,MilkyWay,OrionStar,VegasSweeps,JuwaCity and Many..."
Online Casino Engagement Bait,https://www.facebook[.]com/groups/659715588547019,"Firekirin, Xgames, Orion Starts, Milkyway, Juwa 😊Online Game Room"
Online Casino Engagement Bait,https://www.facebook[.]com/groups/565132805423120,Online Casino Player
Online Casino Engagement Bait,https://www.facebook[.]com/groups/605169577284170,Game Vault (Online Gaming Platform)
Online Casino Engagement Bait,https://www.facebook[.]com/groups/613180227105431,Free Online Games (orion/ firekirin/ milkyway/ ultramonster/ vpower/juwa)
Online Casino Engagement Bait,https://www.facebook[.]com/groups/3414726542179653,JUWA CITY
Online Casino Engagement Bait,https://www.facebook[.]com/groups/487100470058346,ORION/KIRIN/JUWA - 777
Online Casino Engagement Bait,https://www.facebook[.]com/groups/311513888076335,Freeplay slot onlinegame casino/luckywinner
Online Casino Engagement Bait,https://www.facebook[.]com/groups/2410137645828864,Crazy for freeplay!!!!
Online Casino Engagement Bait,https://www.facebook[.]com/groups/972250410743085,Slots casino real money free play
Online Casino Engagement Bait,https://www.facebook[.]com/groups/512805600188195,Fire Kirin Free Play VIP
Online Casino Engagement Bait,https://www.facebook[.]com/groups/2053672951633837,Freeplay for all players
Online Casino Engagement Bait,https://www.facebook[.]com/groups/282332754716453,"Juwa, GameVault, Orion stars, Panda Master, Fire Kirin, Casino Wonderland"
Online Casino Engagement Bait,https://www.facebook[.]com/groups/145820694954039,777 JILI Casino Online Slot Game - JILI Crazy 777 Slot Machine Game
Online Casino Engagement Bait,https://www.facebook[.]com/groups/5887867761334455,FREEPLAY ALL DAY 24H/7
Online Casino Engagement Bait,https://www.facebook[.]com/groups/253573673881716,Game vault
Online Casino Engagement Bait,https://www.facebook[.]com/groups/959524715074740,FreePlay All Day
Online Casino Engagement Bait,https://www.facebook[.]com/groups/996747181721221,REDEEMABLE FREEPLAY 24/7
Online Casino Engagement Bait,https://www.facebook[.]com/groups/1587800718283661,free Play for all games
Online Casino Engagement Bait,https://www.facebook[.]com/groups/681185823676598,777 Lucky slot machines
Online Casino Engagement Bait,https://www.facebook[.]com/groups/938385790622186,YOLO 777 Casino Slots and Fishing Games - Freeplay
Online Casino Engagement Bait,https://www.facebook[.]com/groups/916653716025222,Fire Kirin Gaming Online Free Play
Online Casino Engagement Bait,https://www.facebook[.]com/groups/6326809134020717,Free Play All Games
Online Casino Engagement Bait,https://www.facebook[.]com/groups/653273442505231,FIRE KIRIN/ORION
Online Casino Engagement Bait,https://www.facebook[.]com/groups/3241919632803050,"Juwa Casino 777 Online for UltraPanda, Fire Kirin, Vblink, Orion Stars"
Online Casino Engagement Bait,https://www.facebook[.]com/groups/423531896049628,Orion Stars VPower Fire Kirin Fish Game Slots
Online Casino Engagement Bait,https://www.facebook[.]com/groups/624779119332015,"Fortune Reels: Orion Stars, Fire Kirin, Panda Master and Juwa"
Online Casino Engagement Bait,https://www.facebook[.]com/groups/700349708135358,Orion star official Gaming
Online Casino Engagement Bait,https://www.facebook[.]com/groups/427328889497310,FREEPLAY ALL GAME (REEDEMABLE)
Online Casino Engagement Bait,https://www.facebook[.]com/groups/862923648071944,JUWA CITY - Free Play All Day
Online Casino Engagement Bait,https://www.facebook[.]com/groups/895907985029352,FREE TO PLAY Orion Juwa Milkyway Fire Kirin Game Vault and More Games
Online Casino Engagement Bait,https://www.facebook[.]com/groups/922338732552536,Free Play Online
Online Casino Engagement Bait,https://www.facebook[.]com/groups/624443696200060,Casino Ignite (Freeplay)
Online Casino Engagement Bait,https://www.facebook[.]com/groups/2472852069556865,Pasa Slots Free Play
Online Casino Engagement Bait,https://www.facebook[.]com/groups/614846880551267,Gaming Galaxy
Online Casino Engagement Bait,https://www.facebook[.]com/groups/742398357129865,FIRE KIRIN/ORION
Online Casino Engagement Bait,https://www.facebook[.]com/groups/1162100627830862,Online Casino Chicago Group
Online Casino Engagement Bait,https://www.facebook[.]com/groups/1316026682632547,"Online casino (FREE PLAY) Orion star,Juwa,Milkyway,Game vault,Pandamaster,"
Online Casino Engagement Bait,https://www.facebook[.]com/groups/1480484869361417,MOOLAH & GAMEVAULT FREEPLAY-ALL-DAY
Online Casino Engagement Bait,https://www.facebook[.]com/groups/816730002735820,"Legit Milkyway, pandamaster, firekirin, juwa, volcano -FREEPLAY , BONUSES"
Online Casino Engagement Bait,https://www.facebook[.]com/groups/731374028486751,"Juwa, GameVault, FireKirin, PandaMaster, OrionStar, CasinoWonderland"
Online Casino Engagement Bait,https://www.facebook[.]com/groups/700388474947667,Juwa/GameVault/OrionStar/MilkyWay/FireKirin/Mafia/Ultra/CashMachine/V-Sweep
Online Casino Engagement Bait,https://www.facebook[.]com/groups/6163338600395275,ONLINE CASINO / ONLINE GAMES �
Online Casino Engagement Bait,https://www.facebook[.]com/groups/1597121773932393,Online Casino\QuickHit\JUWA/Gamevault/Firekirin/Orionstar(free redeemable)
Online Casino Engagement Bait,https://www.facebook[.]com/groups/1240504573547368,FreePlay Everyday 2024
Online Casino Engagement Bait,https://www.facebook[.]com/groups/331701648876341,OrionStars Gaming Online
Online Casino Engagement Bait,https://www.facebook[.]com/groups/2884584825149882,Online Sweeps Fish Tables and Slots Games
Online Casino Engagement Bait,https://www.facebook[.]com/groups/853354009742051,Gaming Zone
Online Casino Engagement Bait,https://www.facebook[.]com/groups/869247890997465,Online Sweeps FreePlay
Online Casino Engagement Bait,https://www.facebook[.]com/groups/749285986328621,GAME VAULT all-day Long
Online Casino Engagement Bait,https://www.facebook[.]com/groups/698936448326639,Online Sweeps Fish Tables and Slots Games (Freeplay)
Online Casino Engagement Bait,https://www.facebook[.]com/groups/260164549713825,Chumba casino freeplay sc
Online Casino Engagement Bait,https://www.facebook[.]com/groups/197357256599628,"Free play All days 😍🤗🥳🤩 Orión star ,Game vault 😎😜"
Online Casino Engagement Bait,https://www.facebook[.]com/groups/1327362751119657,ORION STARS/ FIRE KIRIN/ VPOWER/ PANDAMASTER/ ULTRAMONSTER 🚩
Online Casino Engagement Bait,https://www.facebook[.]com/groups/243467745028625,Freeplay and 100% match for juwa
Online Casino Engagement Bait,https://www.facebook[.]com/groups/1697296114035047,Panda Master Free Play
Online Casino Engagement Bait,https://www.facebook[.]com/groups/2118561398345594,SHANIA GAMEROOM VIP (JUWA/MW/GAMEVAULT/ORION/GAMEVAULT/VPOWER & MORE)
Online Casino Engagement Bait,https://www.facebook[.]com/groups/1541279956070489,GAMING GROUP
Online Casino Engagement Bait,https://www.facebook[.]com/groups/867099644683910,GAME VAULT XGAMES ORION STARS JUWA MILKYWAY FIREKIRIN PANDAMASTER HIGHROLLE
Online Casino Engagement Bait,https://www.facebook[.]com/groups/544306903910331,free play all day
Online Casino Engagement Bait,https://www.facebook[.]com/groups/1115369282264437,"OrionStars, golden dragon, Vpower, Xgame & fire Kirin"
Online Casino Engagement Bait,https://www.facebook[.]com/groups/768204631613537,Orion stars/Fire kirin/Milky way/Game vault/Juwa/Ultra panda Accounts
Online Casino Engagement Bait,https://www.facebook[.]com/groups/1680683595716316,Verified Online Casino
Online Casino Engagement Bait,https://www.facebook[.]com/groups/324925429284309,ORIONSTARS FIREKIRIN and MILKYWAY
Online Casino Engagement Bait,https://www.facebook[.]com/groups/1012344473134874,Freeplay Allday Bonus Everyday
Online Casino Engagement Bait,https://www.facebook[.]com/groups/744359410188120,ORION STARS
Online Casino Engagement Bait,https://www.facebook[.]com/groups/244729778033382,Game Vault Free Play OrionStar/FireKirin/Juwa/PandaMaster
Online Casino Engagement Bait,https://www.facebook[.]com/groups/1074294603248857,ONLINE CASINO VVIP - Orion Stars / Fire Kirin / Juwa / Ultra Panda
Online Casino Engagement Bait,https://www.facebook[.]com/groups/589752729636919,Lucky Land Slot Free Reward
Online Casino Engagement Bait,https://www.facebook[.]com/groups/369134672168130,ORION STARS / FIRE KIRIN / VPOWER / PANDAMASTER / ULTRAMONSTER
Online Casino Engagement Bait,https://www.facebook[.]com/groups/324098820407447,"Orion Star. Fire Kirin, Juwa, River Sweeps, Panda Master, Vegas Sweeps"
Online Casino Engagement Bait,https://www.facebook[.]com/groups/1907385339611895,Virtual Casino 24/7 Game Vault/Juwa777/PandaMaster/Fire Kirin and many more
Online Casino Engagement Bait,https://www.facebook[.]com/groups/696624515260356,"FREE PLAY Fire Kirin, Game Vault, Ultra Panda, Panda Master, Vblink, Juwa"
Online Casino Engagement Bait,https://www.facebook[.]com/groups/3090796631175876,Orion stars slot/fire kirin/river sweeps/juwa777/Vpower
Online Casino Engagement Bait,https://www.facebook[.]com/groups/214356488063081,Game vault/Gameroom/Orion star/Firekirin/Milky way/Vblink/Juwa online gamig
Online Casino Engagement Bait,https://www.facebook[.]com/groups/1294726818048338,ORION STARS USA - 777
Online Casino Engagement Bait,https://www.facebook[.]com/groups/5166105140120136,Vpower-77777 fish games & Slots games
Online Casino Engagement Bait,https://www.facebook[.]com/groups/872464517180138,"LUXURY FISH GAMING,ORIONSTAR,VEGASX, FIRE KIRIN,JUWA 777"
Online Casino Engagement Bait,https://www.facebook[.]com/groups/1217161392171378,"Orion Star. Fire Kirin, Juwa, River Sweeps, Panda Master, Vegas Sweeps"
Online Casino Engagement Bait,https://www.facebook[.]com/groups/434107148802631,Juwa | Fire Kirin | Orion Stars | Game Vault | Ultra Panda & More
Online Casino Engagement Bait,https://www.facebook[.]com/groups/488337965755252,"Freeplay - Juwa, Orion, FireKirin, Milkyway, GameRoom"
Online Casino Engagement Bait,https://www.facebook[.]com/groups/898558908180521,ORION STAR ONLINE 777
Online Casino Engagement Bait,https://www.facebook[.]com/groups/617778737005725,Online Casino Game:FireKirin Juwa Milky Panda OrionStar Gamevault
Online Casino Engagement Bait,https://www.facebook[.]com/groups/3530645440536730,FREE PLAY ALL GAMES (JUWA CITY ORION STARS / FIRE KIRIN / GAME VAULT)
Online Casino Engagement Bait,https://www.facebook[.]com/groups/3628122530764729,"OrionStar , FireKirin , GameVault , MilkyWay , Moolah , Juwa"
Online Casino Engagement Bait,https://www.facebook[.]com/groups/202740462461842,Orion Stars Firekirin Juwa Milkyway(All Platforms)
Online Casino Engagement Bait,https://www.facebook[.]com/groups/728742572147413,Gamevault Juwa Firekirin Orionstars Highstakes VBlink Official
Online Casino Engagement Bait,https://www.facebook[.]com/groups/634072375214930,VIP Freeplay USA(Firekirin/Gamevault/Juwa/Orionstars/Milkyway/Vegas/River
Online Casino Engagement Bait,https://www.facebook[.]com/groups/838342888046608,Games Casino 777 Lucky JUWA Slot And Fish Table
Online Casino Engagement Bait,https://www.facebook[.]com/groups/681225553352361,OrionStar-777
Online Casino Engagement Bait,https://www.facebook[.]com/groups/604872028154369,"LUXURY FISH GAMING,ORIONSTAR,VEGASX, FIRE KIRIN, JUWA 777"
Online Casino Engagement Bait,https://www.facebook[.]com/groups/3017633688369787,"Online Gaming Freeplay(OrionStars, Fire Kirin, Vblink, Juwa, GameVault)"
Online Casino Engagement Bait,https://www.facebook[.]com/groups/1071837753404070,Free Online Game Casino Fishing Slots Freeplay Spin 777/Lucky Winner
Online Casino Engagement Bait,https://www.facebook[.]com/groups/1264328704272679,Redeemable Freeplay (Milkyway/Orionstars/Firekirin/Vpower/Juwa/Gamevault)
Online Casino Engagement Bait,https://www.facebook[.]com/groups/9572081819484421,"Online Fish Game ( Fire Kirin, Orion Stars, Vpower, X-game, Ultramonster )"
Online Casino Engagement Bait,https://www.facebook[.]com/groups/1333718447243230,Usa Online Casino Games ( Redeemable Freeplay & Sign up (bonus)
Online Casino Engagement Bait,https://www.facebook[.]com/groups/4487641071519335,REDEEMABLE $FREEPLAY ONLINE CASINO SLOTS TABLES AND FISHING🎰
Online Casino Engagement Bait,https://www.facebook[.]com/groups/1451311079032329,"FREEPLAY (JUWA CITY, FIRE KIRIN, PANDA MASTER, ORION STARS, VPOWER"
Online Casino Engagement Bait,https://www.facebook[.]com/groups/1078606312853194,Juwa OrionStars Vpower GAMING
Online Casino Engagement Bait,https://www.facebook[.]com/groups/542330963942774,Redeemable FREEPLAY All Games
Online Casino Engagement Bait,https://www.facebook[.]com/groups/2823090564493414,"Online Gameroom 777 (ULTRAMONSTER, FIREKIRIN, ORIONSTAR, XGAME, VPOWER )"
Online Casino Engagement Bait,https://www.facebook[.]com/groups/3044011365907432,We Play Free Play Vpower/FireKirin/Orion Star/Dragon VegasX
Online Casino Engagement Bait,https://www.facebook[.]com/groups/6353560644700951,Game Vault / Juwa - FreePlay
Online Casino Engagement Bait,https://www.facebook[.]com/groups/248863397560358,Slots Free Games Online Casino
Online Casino Engagement Bait,https://www.facebook[.]com/groups/2997283903736476,"NY CASINO(Game Vault, Vegas/River sweeps, Ultra Panda, Milkyway, Orionstar)"
Online Casino Engagement Bait,https://www.facebook[.]com/groups/278094195020235,Online Casino 777
Online Casino Engagement Bait,https://www.facebook[.]com/groups/1056046015598655,Legit gaming platform ( Freeplay all games)
Online Casino Engagement Bait,https://www.facebook[.]com/groups/899608637955744,VPOWER / ORION STARS / FIRE KIRIN
Online Casino Engagement Bait,https://www.facebook[.]com/groups/142484294469456,Vpower-777 fish games and slot games
Online Casino Engagement Bait,https://www.facebook[.]com/groups/1449881505492439,"CASINO GAMES, ORION, JUWA, FIREKIRIN, PANDA MASTER, CARRIBEAN, FREE PLAYS ,"
Online Casino Engagement Bait,https://www.facebook[.]com/groups/1331080381151981,VIP Freeplay  USA (Firekirin-Gamevault-Juwa-Orionstars-Milkyway-Vegas)
Online Casino Engagement Bait,https://www.facebook[.]com/groups/2137910869888642,Luxury Casino OrionStars Juwa Vpower Firekirin Fortune2go  Vblink
Online Casino Engagement Bait,https://www.facebook[.]com/groups/3387705178167788,JUWA CITY ONLINE-777
Online Casino Engagement Bait,https://www.facebook[.]com/groups/175791145419766,WE PLAY FREEPLAY (ORION STARS/ FIRE KIRIN/ VPOWER/ PANDAMASTER/ ULTRAMONSTE
Online Casino Engagement Bait,https://www.facebook[.]com/groups/196413593396467,"FREE PLAY ALL GAMES (JUWA CITY ORION STARS / FIRE KIRIN / GAME
VAULT / GAME"
Online Casino Engagement Bait,https://www.facebook[.]com/groups/112143492276830,"Fire Kirin, Orion Star, Juwa, Game Vault, Milkyway and Freeplay"
Online Casino Engagement Bait,https://www.facebook[.]com/groups/1467489780766933,Freeplay Junkies
Online Casino Engagement Bait,https://www.facebook[.]com/groups/185996847774020,Texas Online Casino Game-777:FireKirin Juwa Milky Panda OrionStar Gamevault
Online Casino Engagement Bait,https://www.facebook[.]com/groups/3391235911095674,JUWA Legit Online Casino Fish Games Sweepstakes 24/7 VVIP
Online Casino Engagement Bait,https://www.facebook[.]com/groups/596703361792548,Orion Stars / FireKirin  /Juwa / MilkyWay / GameVault
Online Casino Engagement Bait,https://www.facebook[.]com/groups/1358003894988090,FREE PLAY Legit Gaming Platform 24/7
Online Casino Engagement Bait,https://www.facebook[.]com/groups/1618161298716343,GAME VAULT - 777
Online Casino Engagement Bait,https://www.facebook[.]com/groups/637073411699419,777 Lucky JUWA Slot And Fish Table Games Casino
Online Casino Engagement Bait,https://www.facebook[.]com/groups/731086955628357,Texas Online Casino Game -777 Freeplay
Online Casino Engagement Bait,https://www.facebook[.]com/groups/1002728117385544,GAMEVAULT - FIRE KIRIN - ORION STARS I ONLINE FISH
Online Casino Engagement Bait,https://www.facebook[.]com/groups/726944569459627,Lucky JUWA Slot And Fish Table Games 777Casino
Online Casino Engagement Bait,https://www.facebook[.]com/groups/259832003128177,"LEGIT ONLY VIP FISH GAMING (Orion Stars, Ultra Monster, VPower, FireKirin)"
Online Casino Engagement Bait,https://www.facebook[.]com/groups/311737570099470,KUMPULAN POLA SLOT GACOR
Online Casino Engagement Bait,https://www.facebook[.]com/groups/209654168666438,Orion Star Online Gaming
Online Casino Engagement Bait,https://www.facebook[.]com/groups/505317531803480,ORION STARS / FIRE KIRIN / VPOWER / PANDAMASTER / ULTRAMONSTER
Online Casino Engagement Bait,https://www.facebook[.]com/groups/1560003381024661,BC.GAME:CRYPTO CASINO GAMES & CASINO SLOT GAMES -CRYPTO GAMBLING
Online Casino Engagement Bait,https://www.facebook[.]com/groups/1239311230128490,Online Casino 24/7 Orion stars/Fire kirin/ juwa/ All Games platform 🎮
Online Casino Engagement Bait,https://www.facebook[.]com/groups/2829130143895214,Online Gaming Slots - Fire kirin/ Juwa/ Highstakes/ Pandamaster/ Orion Star
Online Casino Engagement Bait,https://www.facebook[.]com/groups/787501329139381,Milkyway online gaming VIP
Online Casino Engagement Bait,https://www.facebook[.]com/groups/3126489317586541,New ONLINE SLOT&FISH GAMES APP- PANDA MASTER
Online Casino Engagement Bait,https://www.facebook[.]com/groups/297956945900683,"RiverSweeps, Fire Kirin, Blue Dragon, Orion
Stars, Game Vault"
Online Casino Engagement Bait,https://www.facebook[.]com/groups/336946229186242,"Orion star, Juwa, Fire Kiran, game voult,All Games Freeplay 💯"
Online Casino Engagement Bait,https://www.facebook[.]com/groups/1765067590636885,ORION STARS/JUWA CITY/FIRE KIRIN/VPOWER ONLINE
Online Casino Engagement Bait,https://www.facebook[.]com/groups/1938125556543456,FIRE KIRIN FREE PLAY
Online Casino Engagement Bait,https://www.facebook[.]com/groups/1490403571743752,online game:Juwa Fire kirin orion stars miky ways game vrult 24/7 free play
Online Casino Engagement Bait,https://www.facebook[.]com/groups/611720110817995,Texas Online Casino Game -777
Online Casino Engagement Bait,https://www.facebook[.]com/groups/317057617794451,"VIP FREEPLAY GAMEROOM(ORION STAR,VEGAS SWEEPS,RIVER SWEEPS,GAMEVAULT,JUWA)"
Online Casino Engagement Bait,https://www.facebook[.]com/groups/2034498976904793,Free Play All Games
Online Casino Engagement Bait,https://www.facebook[.]com/groups/767137961722114,"Legit Fish Gaming: Juwa, Fire Kirin, Milky Way, Panda Master, Orion Stars,"
Online Casino Engagement Bait,https://www.facebook[.]com/groups/1263715697377731,Slots & Fish Game 888 - 24/7 Game online & Freeplay
Online Casino Engagement Bait,https://www.facebook[.]com/groups/629309329015998,"Ultra Panda, Vegas Sweeps, Game Vault, Juwa, Orion Star, Firekirin-Freeplay"
Online Casino Engagement Bait,https://www.facebook[.]com/groups/1016324319401975,SharkSecret/JUWA/GameVault/Firekirin/Orionstar Official Casino
Online Casino Engagement Bait,https://www.facebook[.]com/groups/6749137791763388,"ORION STAR, MILKYWAY, GAME VAULT, FIREKIRIN, JUWA CITY, VEGAS SWEEPS, VBLIN"
Online Casino Engagement Bait,https://www.facebook[.]com/groups/874685287433906,FREE PLAY ALL GAMES (JUWA CITY ORION STARS / FIRE KIRIN / GAME VAULT)
Online Casino Engagement Bait,https://www.facebook[.]com/groups/1356461348590031,ORION STARS USA 777 - VIP
Online Casino Engagement Bait,https://www.facebook[.]com/groups/623814625799532,777 slots casino / 24-hour online casino 777 / juwa / Orion
Online Casino Engagement Bait,https://www.facebook[.]com/groups/5822946101156377,Gameroom Online
Online Casino Engagement Bait,https://www.facebook[.]com/groups/668863471329422,"Online Casino 777 ( vpower, Orion Stars, Golden Dragon, Fire Kirin)"
Online Casino Engagement Bait,https://www.facebook[.]com/groups/733190271798060,FREE PLAY ALL GAMES (JUWA CITY ORION STARS / FIRE KIRIN / GAME VAULT)
Online Casino Engagement Bait,https://www.facebook[.]com/groups/1343293632942712,Usa Online Casino Games ( Redeemable Freeplay & Sign up bonus )
Online Casino Engagement Bait,https://www.facebook[.]com/groups/1293596491284831,Usa Online Casino Games ( Redeemable Freeplay & Sign up bonus )
Online Casino Engagement Bait,https://www.facebook[.]com/groups/3887982121459679,FREEPLAY EVERYDAY 🎰
Online Casino Engagement Bait,https://www.facebook[.]com/groups/3595279490694197,"ORION STARS , JUWA , GAME VAULT , FIRE KIRIN , MOOLAH - FREEPLAY"
Online Casino Engagement Bait,https://www.facebook[.]com/groups/273116241932564,Texas Online Casino Game-777:FireKirin Juwa Milky Panda OrionStar Gamevault
Online Casino Engagement Bait,https://www.facebook[.]com/groups/1223545728521854,JUWA VIP
Online Casino Engagement Bait,https://www.facebook[.]com/groups/820469419783037,FREEPLAY  FOR ALL PLAYERS
Online Casino Engagement Bait,https://www.facebook[.]com/groups/341180318901594,"Orion Star, Fire Kirin, Juwa & Game vault USA 777 ❤️❤️😍😍👌"
Online Casino Engagement Bait,https://www.facebook[.]com/groups/1851982908549419,Join group to get freeplay
Online Casino Engagement Bait,https://www.facebook[.]com/groups/847577706983216,$5 FREEPLAYS ALL DAY
Online Casino Engagement Bait,https://www.facebook[.]com/groups/5466130050130406,Orion stars
Online Casino Engagement Bait,https://www.facebook[.]com/groups/189328107458969,"Online Gaming (Juwa ,Game vault,Orino stars, Milkyway, Firekirin, Moolah )"
Online Casino Engagement Bait,https://www.facebook[.]com/groups/2670399383117563,ORION STARS / FIRE KIRIN / VPOWER / JUWA / FREEPLAY ALL GAMES
Online Casino Engagement Bait,https://www.facebook[.]com/groups/1474105056700987,FreePlay 2024
Online Casino Engagement Bait,https://www.facebook[.]com/groups/3616666001996063,"ORION STARS, JUWA, GAME VAULT, FIRE KIRIN, MOOLAH -FREEPLAY"
Online Casino Engagement Bait,https://www.facebook[.]com/groups/1775408206162147,Juwa Firekirin Milkyway Orionstars Game vault
Online Casino Engagement Bait,https://www.facebook[.]com/groups/1292137818095659,Juwa Online Casino Gaming Platform
Online Casino Engagement Bait,https://www.facebook[.]com/groups/1270896506876450,°°FR€€B€T T€RKINI°°
Online Casino Engagement Bait,https://www.facebook[.]com/groups/1973348219712938,Slots Games Firekrin Milkyway Orionstar GameVault Panda master
Online Casino Engagement Bait,https://www.facebook[.]com/groups/1501246350685703,FREEPLAY ALL GAMES
Online Casino Engagement Bait,https://www.facebook[.]com/groups/862824325511245,Freeplay all games : Orionstars - Juwa - Firekirin - Vblink - Gamevault
Online Casino Engagement Bait,https://www.facebook[.]com/groups/534833575275641,Online  Games Slots Fishing
Online Casino Engagement Bait,https://www.facebook[.]com/groups/348190407854247,Slots & Fish Games
Online Casino Engagement Bait,https://www.facebook[.]com/groups/1228861661078141,777 ORION / Juwa/ Gamevault/cash vault/Firekirin/Freeplay
Online Casino Engagement Bait,https://www.facebook[.]com/groups/1083347212652262,Redeemable FreePlay
Online Casino Engagement Bait,https://www.facebook[.]com/groups/930625277712701,Gaming Group
Online Casino Engagement Bait,https://www.facebook[.]com/groups/1017649502166613,Game-Vault/Juwa777/Vpower/High-roller
Online Casino Engagement Bait,https://www.facebook[.]com/groups/701850138416107,"Jackpot Freeplay USA Fish Games, Tables, Slots and Sweeps Online Gambling"
Online Casino Engagement Bait,https://www.facebook[.]com/groups/290796656810977,Texas Online Casino Game-777:FireKirin Juwa Milky Panda OrionStar Gamevault
Online Casino Engagement Bait,https://www.facebook[.]com/groups/332177736449139,"Orion Star. Fire Kirin, Juwa, River Sweeps, Panda Master, Vegas Sweeps ,"
Online Casino Engagement Bait,https://www.facebook[.]com/groups/6454629074561118,Orion Stars / FireKirin /Juwa / MilkyWay / GameVault / All Games free Play
Online Casino Engagement Bait,https://www.facebook[.]com/groups/1480432709432673,FREE PLAY ALL GAMES (JUWA CITY ORION STARS / FIRE KIRIN / GAME VAULT)
Online Casino Engagement Bait,https://www.facebook[.]com/groups/2164386603750303,Online Casino 24/7  free play
Online Casino Engagement Bait,https://www.facebook[.]com/groups/2654954808143828,ALL STAR  GAMING
Online Casino Engagement Bait,https://www.facebook[.]com/groups/1424423074756897,Orion star online game and freeplay
Online Casino Engagement Bait,https://www.facebook[.]com/groups/1329977921264415,Texas Online Casino Game-777:FireKirin Juwa Milky Panda OrionStar Gamevault
Online Casino Engagement Bait,https://www.facebook[.]com/groups/1082917269782634,"Fortune Reels: Orion Stars, Fire Kirin, Panda Master and Juwa"
Online Casino Engagement Bait,https://www.facebook[.]com/groups/267270412774559,Free games Multiple slots for fishing
Online Casino Engagement Bait,https://www.facebook[.]com/groups/613889193509185,"SLOTS PAGANDO, CASSINOS"
Online Casino Engagement Bait,https://www.facebook[.]com/groups/217557337514023,Free Play Redeembale Online Casino Games
Online Casino Engagement Bait,https://www.facebook[.]com/groups/5930272960362066,Juwa 777
Online Casino Engagement Bait,https://www.facebook[.]com/groups/711859353900513,JUWA VIP - 777
Online Casino Engagement Bait,https://www.facebook[.]com/groups/1095927665154749,Vblink 777 Online Gaming 24x7
Online Casino Engagement Bait,https://www.facebook[.]com/groups/680414316930273,Free Play Redeemable For All Games ��
Online Casino Engagement Bait,https://www.facebook[.]com/groups/1813289689100946,Freeplay casino online Usa VIP
Online Casino Engagement Bait,https://www.facebook[.]com/groups/1308283479894439,US ONLINE CASINO GAMES CLUB��
Online Casino Engagement Bait,https://www.facebook[.]com/groups/721389292873301,Gaming Platform (Cash Vault)
Online Casino Engagement Bait,https://www.facebook[.]com/groups/786523626490087,VIP Freeplay USA (Firekirin-Gamevault-Juwa-Orionstars-Milkyway-Vegas)
Online Casino Engagement Bait,https://www.facebook[.]com/groups/571781658195498,Freeplay Addicted
Online Casino Engagement Bait,https://www.facebook[.]com/groups/377027517856650,"The Ninja Gaming: Juwa, Game Vault, Orion Stars, Fire Kirin, Milky Way"
Online Casino Engagement Bait,https://www.facebook[.]com/groups/1296351374492757,Freeplay Freeplay Freeplay
Online Casino Engagement Bait,https://www.facebook[.]com/groups/692339345794690,ORION/FIREKIRIN FREE PLAY
Online Casino Engagement Bait,https://www.facebook[.]com/groups/968337461075754,Redeemable FreePlay
Online Casino Engagement Bait,https://www.facebook[.]com/groups/232876146102951,"RiverSweeps, Fire Kirin, Blue Dragon, Orion
Stars, Game Vault"
Online Casino Engagement Bait,https://www.facebook[.]com/groups/1474753983083288,Redeemable Freeplay for all players
Online Casino Engagement Bait,https://www.facebook[.]com/groups/664243845714418,FIRE KIRIN FREE PLAY REDEEMABLE $35💯🎰
Online Casino Engagement Bait,https://www.facebook[.]com/groups/979966153180949,Thailand Lottery Results
Online Casino Engagement Bait,https://www.facebook[.]com/groups/477542337393973,Sweeps Official: Slots & Fishing
Online Casino Engagement Bait,https://www.facebook[.]com/groups/1089823061929635,Golden Dragon/ Online Arcade \$\$\$
Online Casino Engagement Bait,https://www.facebook[.]com/groups/315410544562957,ORION STARS/FIRE KIRIN /JUWA/ GAMEVAULT FREE PLAY (dm admin for Freeplay)
Online Casino Engagement Bait,https://www.facebook[.]com/groups/950369112288140,FREEPLAY ALL MEMBERS
Online Casino Engagement Bait,https://www.facebook[.]com/groups/651858810490915,Orionstars / Juwa / Vpower / FireKirin / Freeplay all games
Online Casino Engagement Bait,https://www.facebook[.]com/groups/576520420544282,CASINO ONLINE GAMING
Online Casino Engagement Bait,https://www.facebook[.]com/groups/963322381660987,Freeplay Casino online ( 100% Redeemable Freeplay ) - Vegas LLC
Online Casino Engagement Bait,https://www.facebook[.]com/groups/909103220491370,FreePlay No Task
Online Casino Engagement Bait,https://www.facebook[.]com/groups/520067192642823,"VPower 777 USA Online Fish Game (Vpower, Kocean)"
Online Casino Engagement Bait,https://www.facebook[.]com/groups/1671208376694084,All about freeplay
Online Casino Engagement Bait,https://www.facebook[.]com/groups/971672264242971,CASINO GAMES SLOT - 777
Online Casino Engagement Bait,https://www.facebook[.]com/groups/710391054445194,Freeplay online casino (YOLO777 JUWA ORIONSTAR MILKYWAY GAMEVAULT)
Online Casino Engagement Bait,https://www.facebook[.]com/groups/2507499019543884,Freeplay / juwa/ game vault/firekirin/orionstar
Online Casino Engagement Bait,https://www.facebook[.]com/groups/1324845191481046,online casino games �
Online Casino Engagement Bait,https://www.facebook[.]com/groups/420697656870068,🖤 LUCKY SLOTS 777 🖤
Pro-Putin propaganda,https://www.facebook[.]com/1426957877604938,Anti Putin
Pro-Putin propaganda,https://www.facebook[.]com/groups/1765328100346282,УКРАЇНСЬКИЙ ПРОСТІР'
Pro-Putin propaganda,https://www.facebook[.]com/groups/1848064515265731,МІЙ ВИБІР - ЖИТТЯ!
Pro-Putin propaganda,https://www.facebook[.]com/groups/320281641835801,“Бізнес і влада – речі несумісні”
Pro-Putin propaganda,https://www.facebook[.]com/groups/782545159157183,ПОДДЕРЖКА ПРЕЗИДЕНТА ВЛАДИМИРА ВЛАДИМИРОВИЧА ПУТИНА ИЗ  БОЛГАРИИ И МИРА'
Pro-Putin propaganda,https://www.facebook[.]com/groups/711371129295341,Владимир Путин - Мировой Лидер во всём Мире'
Pro-Putin propaganda,https://www.facebook[.]com/groups/712466329672989,Владимир Путин - Лучший Президент'
Pro-Putin propaganda,https://www.facebook[.]com/groups/1508979745917081,"ПУТИН - ГЕРОЙ НАШЕГО ВРЕМЕНИ! СЛАВА БОГУ, НАМ ЕСТЬ КЕМ ГОРДИТЬСЯ!"
Pro-Putin propaganda,https://www.facebook[.]com/groups/1898872900190248,ВЕЛИКАЯ СТРАНА
Pro-Putin propaganda,https://www.facebook[.]com/groups/2300657426865546,Владимир Путин - Мировой Лидер
Pro-Putin propaganda,https://www.facebook[.]com/groups/457758174898961,Путин Владимир Владимирович'
Pro-Putin propaganda,https://www.facebook[.]com/groups/612003215872111,РУССКИЙ МИР
Pro-Putin propaganda,https://www.facebook[.]com/groups/168661106862868,WorldRusМир
Pro-Putin propaganda,https://www.facebook[.]com/groups/1526790461143456,BRICS+Afrique pour un Monde Multipolaire. Yassi Alfred Kouyo
Pro-Putin propaganda,https://www.facebook[.]com/groups/2012466065764821,Katia Tanzi'
Pro-Putin propaganda,https://www.facebook[.]com/groups/1173045090041609,"BRICS+Monde Polycentrique Équitable Démocratique ‹Yassi Alfred, KatiaTanzi"
Pro-Putin propaganda,https://www.facebook[.]com/groups/1460824214054969,Наш выбор В.В.Путин
Pro-Putin propaganda,https://www.facebook[.]com/groups/407524606508466,ЛУЧШИЙ ПРЕЗИДЕНТ ВЛАДИМИР ВЛАДИМИРОВИЧ ПУТИН
Pro-Putin propaganda,https://www.facebook[.]com/groups/688912568255574,НАШ ПРЕЗИДЕНТ ПУТИН
Pro-Putin propaganda,https://www.facebook[.]com/groups/301594544521289,Владимир Путин и Россия
Pro-Putin propaganda,https://www.facebook[.]com/groups/414821825361461,Владимир Путин - носител на Нобеловата награда за мир!
Pro-Putin propaganda,https://www.facebook[.]com/groups/397449232141928,I ❤️ RUSSIA PUTIN
Pro-Putin propaganda,https://www.facebook[.]com/groups/670712423524423,ЗА ВЛАДИМИРА ВЛАДИМИРОВИЧА ПУТИНА
Pro-Putin propaganda,https://www.facebook[.]com/groups/3135119726553340,РУСОФИЛЫ
Pro-Putin propaganda,https://www.facebook[.]com/groups/2330932740536995,Владимир Путин - Лидер всего Мира
Pro-Putin propaganda,https://www.facebook[.]com/groups/800565810392618,НАМ ЕСТЬ КЕМ ГОРДИТЬСЯ!'
Pro-Putin propaganda,https://www.facebook[.]com/groups/332549890970681,Владимир Путин - наш Президент